ID,Original Title
8358,Cast Away
4247,Scary Movie
8871,How the Grinch Stole Christmas
3981,What Women Want
1597,Meet the Parents
955,Mission: Impossible II
9600,Big Momma's House
10637,Remember the Titans
98,Gladiator
246655,X-Men: Apocalypse
1900,Traffic
462,Erin Brockovich
7443,Chicken Run
1493,Miss Congeniality
1588,Bring It On
2655,What Lies Beneath
9285,Road Trip
4234,Scream 3
1032412,Snow Day
392,Chocolat
16340,Rugrats in Paris: The Movie
10471,Next Friday
2133,The Perfect Storm
2123,"Me, Myself & Irene"
12107,Nutty Professor II: The Klumps
8859,"Dude, Where's My Car?"
458897,Charlie's Angels
2085,Romeo Must Die
9532,Final Destination
8843,The Cell
17908,My Dog Skip
5551,Space Cowboys
486131,Shaft
9741,Unbreakable
134,"O Brother, Where Art Thou?"
10564,Where the Heart Is
11978,Men of Honor
77,Memento
2787,Pitch Black
2069,The Whole Nine Yards
5994,The Family Man
6282,Coyote Ugly
15655,The Tigger Movie
3536,U-571
10559,Frequency
9679,Gone in Sixty Seconds
11531,Book of Shadows: Blair Witch 2
10567,Dinosaur
14181,Boiler Room
10472,Down to You
711,Finding Forrester
2621,Return to Me
13785,Best in Show
14295,You Can Count on Me
1359,American Psycho
4967,Keeping the Faith
12212,Urban Legends: Final Cut
616037,Thor: Love and Thunder
4244,The Kid
2024,The Patriot
12509,Pollock
2046,The Gift
8584,Shanghai Noon
10862,Bounce
10479,Rules of Engagement
10873,Shadow of the Vampire
11478,The Skulls
641,Requiem for a Dream
10685,The Watcher
6521,The Contender
1619,The Way of the Gun
243,High Fidelity
9791,Animal Factory
10642,Loser
10393,The Replacements
11678,Vertical Limit
10468,28 Days
10876,Quills
10647,Pay It Forward
24664,Bamboozled
10569,Small Time Crooks
318,The Million Dollar Hotel
16,Dancer in the Dark
14195,Cecil B. Demented
327,Brother
10480,Nurse Betty
10687,Tigerland
10763,Dr. T & the Women
1831,The Next Best Thing
1636,Bedazzled
1907,The Beach
28333,The Ladies Man
11688,The Emperor's New Groove
20697,Ready to Rumble
10560,Center Stage
12211,Highlander: Endgame
10571,Boys and Girls
10481,102 Dalmatians
2155,Reindeer Games
18041,Gossip
10577,Dracula 2000
25166,Drowning Mona
9383,Hollow Man
19457,The Yards
10385,Hanging Up
10562,Under Suspicion
10641,Autumn in New York
786,Almost Famous
493529,Dungeons & Dragons: Honor Among Thieves
11398,The Art of War
11983,Proof of Life
10383,Lost Souls
11004,Wonder Boys
10391,Bless the Child
118957,Bait
2067,Mission to Mars
21355,All the Pretty Horses
10501,The Road to El Dorado
11973,Thirteen Days
9678,Little Nicky
8452,The 6th Day
889,The Flintstones in Viva Rock Vegas
10461,Get Carter
4958,The Legend of Bagger Vance
17711,The Adventures of Rocky & Bullwinkle
5491,Battlefield Earth
7450,Titan A.E.
8870,Red Planet
642208,Supernova
120,The Lord of the Rings: The Fellowship of the Ring
808,Shrek
671,Harry Potter and the Philosopher's Stone
585,"Monsters, Inc."
5175,Rush Hour 2
2770,American Pie 2
453,A Beautiful Mind
9799,The Fast and the Furious
1734,The Mummy Returns
161,Ocean's Eleven
331,Jurassic Park III
9880,The Princess Diaries
871,Planet of the Apes
1933,The Others
8835,Legally Blonde
9740,Hannibal
9816,Save the Last Dance
10054,Spy Kids
676,Pearl Harbor
12589,Jimmy Neutron: Boy Genius
11467,America's Sweethearts
634,Bridget Jones's Diary
10808,Dr. Dolittle 2
1999,In the Bedroom
1027159,ルパン三世VSキャッツ・アイ
1903,Vanilla Sky
2034,Training Day
9428,The Royal Tenenbaums
9889,Shallow Hal
717728,Jeepers Creepers: Reborn
1365,Monster's Ball
4248,Scary Movie 2
2018,The Wedding Planner
11397,Not Another Teen Movie
9778,Serendipity
5279,Gosford Park
8007,Behind Enemy Lines
10950,I Am Sam
9398,Zoolander
855,Black Hawk Down
1995,Lara Croft: Tomb Raider
39939,Super Troopers
16300,Down to Earth
2043,Along Came a Spider
17708,Corky Romano
16161,Baby Boy
2140,Kiss of the Dragon
8386,How High
943822,Prizefighter: The Life of Jem Belcher
11090,The Animal
6073,The Mexican
10956,Joe Dirt
9896,Rat Race
744775,La turlute des années dures
2294,Jay and Silent Bob Strike Back
824,Moulin Rouge!
15647,Kissing Jessica Stein
24936,The Deep End
10833,Heartbreakers
12103,Don't Say a Word
9290,Crocodile Dundee in Los Angeles
12658,Someone Like You...
10691,Crazy/Beautiful
11371,The Score
10646,Tomcats
11470,Jason X
12149,Frailty
10877,Exit Wounds
23949,Tape
15745,Made
13166,Freddy Got Fingered
395763,Iris
4133,Blow
9378,Thir13en Ghosts
1548,Ghost World
597891,Kate
10866,Joy Ride
4012,The Believer
10972,Session 9
10878,Saving Silverman
13403,Hedwig and the Angry Inch
768,From Hell
24940,Head Over Heels
10615,Pootie Tang
15192,The Grey Zone
141,Donnie Darko
2171,Wet Hot American Summer
10796,The One
20794,Novocaine
11313,Hearts in Atlantis
2575,The Tailor of Panama
185789,Mulholland Dr.
2084,Birthday Girl
9683,Bubble Boy
9476,A Knight's Tale
10984,Valentine
14369,Out Cold
10050,Get Over It
11457,Life as a House
2144,One Night at McCool's
2176,The Glass House
10778,The Man Who Wasn't There
11370,The Musketeer
647117,조건엄마:슈가맘
26602,Summer Catch
1921,Sweet November
5955,The Pledge
336004,Heist
11469,Black Knight
853,Enemy at the Gates
167,K-PAX
10696,Glitter
11091,Riding in Cars with Boys
9989,Antitrust
10016,Ghosts of Mars
20309,Say It Isn't So
644,A.I. Artificial Intelligence
13496,American Outlaws
4965,Impostor
19366,Josie and the Pussycats
2057,Original Sin
2779,The Curse of the Jade Scorpion
6440,The Shipping News
14034,What's the Worst That Could Happen?
5852,Angel Eyes
11456,Domestic Disturbance
56715,Just Visiting
1722,Captain Corelli's Mandolin
9705,Swordfish
3172,Bandits
2749,15 Minutes
10865,Atlantis: The Lost Empire
12508,Rock Star
9397,Evolution
11086,The Majestic
12138,3000 Miles to Graceland
8489,Ali
1535,Spy Game
2100,The Last Castle
12610,Osmosis Jones
10477,Driven
23685,Monkeybone
2114,Final Fantasy: The Spirits Within
634649,Spider-Man: No Way Home
121,The Lord of the Rings: The Two Towers
8346,My Big Fat Greek Wedding
1894,Star Wars: Episode II - Attack of the Clones
672,Harry Potter and the Chamber of Secrets
2675,Signs
818,Austin Powers in Goldmember
1574,Chicago
425,Ice Age
640,Catch Me If You Can
11529,Sweet Home Alabama
565,The Ring
2022,Mr. Deeds
65,8 Mile
9021,The Santa Clause 2
7451,xXx
9637,Scooby-Doo
11544,Lilo & Stitch
10611,Barbershop
2501,The Bourne Identity
608,Men in Black II
14635,The Rookie
4614,The Sum of All Fears
4547,Panic Room
11888,Snow Dogs
9488,Spy Kids 2: The Island of Lost Dreams
9583,Divine Secrets of the Ya-Ya Sisterhood
7303,Maid in Manhattan
13497,Drumline
8470,John Q
2755,About Schmidt
1817,Phone Booth
11870,Big Fat Liar
2642,Two Weeks Notice
9334,The Scorpion King
180,Minority Report
10229,A Walk to Remember
16690,Return to Never Land
36586,Blade II
15392,Crossroads
4147,Road to Perdition
13908,The Master of Disguise
10426,Friday After Next
11857,Orange County
1537,Changing Lanes
21972,Like Mike
320,Insomnia
2752,40 Days and 40 Nights
9034,The Banger Sisters
11547,Cabin Fever
9357,One Hour Photo
11362,The Count of Monte Cristo
36669,Die Another Day
20616,Swimfan
11442,Halloween: Resurrection
10985,The New Guy
590,The Hours
11452,National Lampoon's Van Wilder
9266,Blue Crush
9533,Red Dragon
14317,The Wild Thornberrys Movie
12277,Undercover Brother
1360,Frida
11056,Darkness
245,About a Boy
15028,Clockstoppers
13950,All About the Benjamins
9645,Ghost Ship
13435,Antwone Fisher
1429,25th Hour
1576,Resident Evil
11891,Kung Pow: Enter the Fist
9962,The Good Girl
4108,The Transporter
13768,Tuck Everlasting
11022,Narc
2637,The Mothman Prophecies
2757,Adaptation.
10590,We Were Soldiers
2251,Unfaithful
10167,Half Past Dead
1809,The Rules of Attraction
10712,Far from Heaven
1957,Enough
17187,The Emperor's Club
10994,White Oleander
9707,Bubba Ho-tep
11013,Secretary
10894,May
11560,High Crimes
12079,Spun
6020,Sorority Boys
423,The Pianist
1956,Gerry
16028,They
9685,Igby Goes Down
11979,Queen of the Damned
14112,Auto Focus
4911,Dark Blue
9026,The Importance of Being Earnest
9023,Spirit: Stallion of the Cimarron
8051,Punch-Drunk Love
15070,Undisputed
9027,The Guru
29339,Nicholas Nickleby
20009,Slackers
10771,The Tuxedo
16857,The Dangerous Lives of Altar Boys
13376,Eight Crazy Nights
12770,Stealing Harvard
9689,Hollywood Ending
9557,Boat Trip
9260,Welcome to Collinwood
12771,Serving Sara
8869,Eight Legged Freaks
4912,Confessions of a Dangerous Mind
31005,Moonlight Mile
21484,Possession
9093,The Four Feathers
201,Star Trek: Nemesis
6278,Reign of Fire
8198,The Quiet American
11468,The Salton Sea
13536,City by the Sea
11892,Murder by Numbers
11812,The Sweetest Thing
7299,Equilibrium
11458,People I Know
3131,Gangs of New York
9039,Trapped
2134,The Time Machine
9573,Blood Work
16643,Life or Something Like It
9544,FearDotCom
9932,Analyze That
10052,Dragonfly
2103,Solaris
2185,Big Trouble
8427,I Spy
12590,Below
3132,Bad Company
9275,Death to Smoochy
9884,Collateral Damage
5851,Showtime
10592,Hart's War
11484,Rollerball
10375,D-Tox
10996,Stuart Little 2
10550,Ballistic: Ecks vs. Sever
8665,K-19: The Widowmaker
12100,Windtalkers
11692,The Adventures of Pluto Nash
9016,Treasure Planet
12,Finding Nemo
122,The Lord of the Rings: The Return of the King
22,Pirates of the Caribbean: The Curse of the Black Pearl
310,Bruce Almighty
10719,Elf
604,The Matrix Reloaded
36658,X2
10678,Bringing Down the House
691683,Cheaper by the Dozen
10330,Freaky Friday
12279,Spy Kids 3-D: Game Over
9373,The Texas Chainsaw Massacre
322,Mystic River
4256,Scary Movie 3
9506,Anger Management
9919,How to Lose a Guy in 10 Days
6466,Freddy vs. Jason
11635,Old School
584,2 Fast 2 Furious
8273,American Wedding
8326,Holes
667296,Forever: The Untold Story of Rock ‘n’ Roll High School Forever
9654,The Italian Job
10327,"Legally Blonde 2: Red, White & Blonde"
6964,Something's Gotta Give
10708,Daddy Day Care
153,Lost in Translation
24,Kill Bill: Vol. 1
12090,Just Married
10147,Bad Santa
9257,S.W.A.T.
2055,Open Range
4464,Seabiscuit
83,Open Water
277,Underworld
14873,The Jungle Book 2
1428,Once Upon a Time in Mexico
504,Monster
18736,The Lizzie McGuire Movie
10934,Under the Tuscan Sun
9480,Daredevil
2832,Identity
10727,Darkness Falls
8696,Calendar Girls
9358,Final Destination 2
10923,Agent Cody Banks
508,Love Actually
4970,Gothika
13411,Malibu's Most Wanted
11351,Jeepers Creepers 2
13920,Radio
14926,Uptown Girls
2289,Cold Mountain
10028,Honey
13156,Secondhand Lions
10735,What a Girl Wants
6038,Shanghai Knights
10623,Cradle 2 the Grave
8961,Bad Boys II
10152,Dumb and Dumberer: When Harry Met Lloyd
10628,Kangaroo Jack
1647,The Recruit
13778,Dickie Roberts: Former Child Star
2662,House of 1000 Corpses
2056,The Station Agent
10744,The Cooler
9776,Head of State
630586,Wrong Turn
11023,Thirteen
1550,Pieces of April
2830,My Boss's Daughter
10105,Saints and Soldiers
15708,Latter Days
3635,Girl with a Pearl Earring
20210,Grind
11820,Mona Lisa Smile
1807,Elephant
11059,House of the Dead
12253,Biker Boyz
13132,All the Real Girls
10743,Confidence
587,Big Fish
22958,The Shape of Things
11093,House of Sand and Fog
470,21 Grams
13537,Shattered Glass
4997,Wonderland
1415,Party Monster
9582,A Guy Thing
1927,Hulk
17473,The Room
9620,Paycheck
31246,From Justin to Kelly
10944,In the Cut
10588,The Cat in the Hat
2116,Out of Time
8409,A Man Apart
12703,The Brown Bunny
14576,Shade
11329,Runaway Jury
605,The Matrix Revolutions
8698,The League of Extraordinary Gentlemen
9486,Johnny English
1278,The Dreamers
42532,Willard
10756,The Haunted Mansion
11523,View from the Top
10720,Down with Love
10739,Anything Else
10629,Veronica Guerin
64526,Alex l'ariete
11615,The Life of David Gale
10610,The Medallion
9471,Charlie's Angels: Full Throttle
19827,The In-Laws
10632,The Hunted
1792,Stuck on You
10782,Basic
5653,Luther
10922,The Human Stain
11775,Intolerable Cruelty
7270,Matchstick Men
11817,Bulletproof Monk
9341,The Core
616,The Last Samurai
1996,Lara Croft: Tomb Raider - The Cradle of Life
7288,Duplex
9616,The Order
9839,Beyond Borders
9567,Tears of the Sun
12146,The Missing
14411,Sinbad: Legend of the Seven Seas
6171,Dreamcatcher
10159,The Rundown
10009,Brother Bear
16072,Gods and Generals
11375,Hollywood Homicide
8046,Gigli
296,Terminator 3: Rise of the Machines
10601,Peter Pan
8619,Master and Commander: The Far Side of the World
10715,Looney Tunes: Back in Action
9562,Timeline
809,Shrek 2
693,Meet the Fockers
102382,The Amazing Spider-Man 2
9806,The Incredibles
673,Harry Potter and the Prisoner of Azkaban
2502,The Bourne Supremacy
465086,The Grudge
9472,DodgeBall: A True Underdog Story
10555,Shark Tale
2059,National Treasure
70,Million Dollar Baby
10625,Mean Girls
435,The Day After Tomorrow
8699,Anchorman: The Legend of Ron Burgundy
9675,Sideways
11836,The SpongeBob SquarePants Movie
11130,The Princess Diaries 2: Royal Engagement
176,Saw
1067282,「鬼滅の刃」上弦集結、そして刀鍛冶の里へ
11036,The Notebook
1640,Crash
5966,Along Came Polly
1824,50 First Dates
1954,The Butterfly Effect
8193,Napoleon Dynamite
10762,Without a Paddle
14292,Miracle
393,Kill Bill: Vol. 2
1538,Collateral
1677,Ray
21301,Barbershop 2: Back in Business
12153,White Chicks
924,Dawn of the Dead
11247,A Cinderella Story
14114,You Got Served
13416,Friday Night Lights
9384,Starsky & Hutch
866,Finding Neverland
8920,Garfield
10145,The Forgotten
2048,"I, Robot"
401,Garden State
5255,The Polar Express
15045,Fat Albert
395,AVP: Alien vs. Predator
10096,13 Going on 30
1901,In Good Company
11128,Ladder 49
594,The Terminal
163,Ocean's Twelve
38,Eternal Sunshine of the Spotless Mind
11132,Confessions of a Teenage Drama Queen
13673,Christmas with the Kranks
11237,Anacondas: The Hunt for the Blood Orchid
11045,Taxi
285205,Her er Harold
1586,Secret Window
9509,Man on Fire
4380,Shall We Dance?
9759,Cellular
2288,Closer
1577,Resident Evil: Apocalypse
767,Harry Potter and the Half-Blood Prince
11249,Seed of Chucky
5516,The Ladykillers
11024,Scooby-Doo 2: Monsters Unleashed
13193,Saved!
80,Before Sunset
7220,The Punisher
3989,Team America: World Police
11358,Walking Tall
14337,Primer
9801,Bridget Jones: The Edge of Reason
12281,Mean Creek
3933,Corpse Bride
9893,Sleepover
11184,Kinsey
15237,De-Lovely
12657,Soul Plane
17047,Agent Cody Banks 2: Destination London
540,D.E.B.S.
11217,Club Dread
1944,The Door in the Floor
4553,The Machinist
15644,Paparazzi
14024,Raise Your Voice
13476,Win a Date with Tad Hamilton!
18923,A Home at the End of the World
456740,Hellboy
11632,Vanity Fair
1599,I ♥ Huckabees
9352,EuroTrip
2567,The Aviator
14442,Ella Enchanted
16232,Mr. 3000
9541,Jersey Girl
18701,Being Julia
10591,The Girl Next Door
11058,Godsend
31117,Superbabies: Baby Geniuses 2
14844,Chasing Liberty
10677,Dirty Dancing: Havana Nights
11081,Taking Lives
4599,Raising Helen
36648,Blade: Trinity
13702,A Dirty Shame
11823,Wimbledon
14462,The Manchurian Candidate
14846,Little Black Book
11169,Spartan
10740,Birth
16784,Welcome to Mooseport
11025,New York Minute
6478,Beyond the Sea
11208,Wicker Park
8080,Suspect Zero
10718,Torque
13969,First Daughter
11774,Lemony Snicket's A Series of Unfortunate Events
16617,Mindhunters
2122,The Whole Ten Yards
11866,Flight of the Phoenix
13572,Twisted
421,The Life Aquatic with Steve Zissou
11162,The Merchant of Venice
10710,Envy
13505,The Perfect Score
9890,The Stepford Wives
10589,After the Sunset
5137,Sky Captain and the World of Tomorrow
2023,Hidalgo
15566,Surviving Christmas
2539,Spanglish
11026,Exorcist: The Beginning
7131,Van Helsing
652,Troy
12634,The Big Bounce
8849,Alfie
2789,The Chronicles of Riddick
14623,Thunderbirds
314,Catwoman
13700,Home on the Range
9477,King Arthur
11209,The Alamo
10204,Around the World in 80 Days
1966,Alexander
1895,Star Wars: Episode III - Revenge of the Sith
9522,Wedding Crashers
674,Harry Potter and the Goblet of Fire
411,"The Chronicles of Narnia: The Lion, the Witch and the Wardrobe"
8488,Hitch
74,War of the Worlds
69,Walk the Line
6957,The 40 Year Old Virgin
215,Saw II
357940,老炮儿
9291,The Longest Yard
142,Brokeback Mountain
10022,The Pacifier
272,Batman Begins
118,Charlie and the Chocolate Factory
8643,The Exorcism of Emily Rose
166424,Fantastic Four
9928,Robots
11637,Are We There Yet?
744594,White Noise
10065,The Amityville Horror
16186,Diary of a Mad Black Woman
1690,Hostel
9043,The Family Stone
4379,Monster-in-Law
7214,Coach Carter
9315,Flightplan
187,Sin City
11638,Guess Who
11460,Red Eye
10982,Hoodwinked!
6519,The Dukes of Hazzard
8292,Four Brothers
11459,Sky High
8968,Boogeyman
10320,The Ring Two
533,Wallace & Gromit: The Curse of the Were-Rabbit
3291,"Good Night, and Good Luck."
9641,Cheaper by the Dozen 2
11283,Nanny McPhee
398,Capote
11096,Hide and Seek
6439,Racing Stripes
705861,Hustle
17880,Because of Winn-Dixie
9388,Thank You for Smoking
6961,The Wedding Date
752,V for Vendetta
11451,Herbie Fully Loaded
9779,The Sisterhood of the Traveling Pants
8999,Derailed
11648,Must Love Dogs
3933,Corpse Bride
7553,Waiting...
11431,Fever Pitch
791,The Fog
9335,Transporter 2
254,King Kong
4348,Pride & Prejudice
7552,Fun with Dick and Jane
1696,The Devil's Rejects
62720,Cry Wolf
1985,The Constant Gardener
13499,"Yours, Mine & Ours"
116,Match Point
546,Transamerica
227199,Околофутбола
11354,The Upside of Anger
15648,The Perfect Man
10707,The Squid and the Whale
11683,Land of the Dead
9913,The Skeleton Key
308,Broken Flowers
10040,Miss Congeniality 2: Armed and Fabulous
4551,Be Cool
10008,An American Haunting
1382,Me and You and Everyone We Know
1444,Junebug
9270,Brick
9687,Keeping Mum
7873,Harsh Times
7453,The Hitchhiker's Guide to the Galaxy
2313,Prime
231,Syriana
12920,Dreamer: Inspired By a True Story
11453,Deuce Bigalow: European Gigolo
9515,The Matador
2652,Hard Candy
15624,Conversations with Other Women
10475,Factotum
59,A History of Violence
9813,The Quiet
17113,The Ballad of Jack and Rose
13341,Bad News Bears
1546,Thumbsucker
14517,MirrorMask
10070,Feast
9009,Dark Water
340,Everything Is Illuminated
9763,Goal!
13919,The Chumscrubber
9005,The Ice Harvest
179,The Interpreter
7870,Down in the Valley
10066,House of Wax
8976,A Lot Like Love
10773,Mrs. Henderson Presents
10060,Get Rich or Die Tryin'
25,Jarhead
6963,The Weather Man
9007,Just Like Heaven
544510,Edmond
8978,Assault on Precinct 13
8053,The Three Burials of Melquiades Estrada
15487,The Greatest Game Ever Played
5236,Kiss Kiss Bang Bang
14199,The Adventures of Sharkboy and Lavagirl
1833,Rent
9910,Two for the Money
9777,Proof
16320,Serenity
9787,Lords of Dogtown
1951,Manderlay
9982,Chicken Little
12142,Alone in the Dark
9042,The Cave
14175,Valiant
7233,Rebound
9701,North Country
11400,The New World
2026,Hostage
9621,Elizabethtown
9947,Elektra
10012,Cursed
9912,The World's Fastest Indian
13498,Man of the House
10027,Unleashed
1947,An Unfinished Life
9722,Bewitched
168705,BloodRayne
612,Munich
9667,The Jacket
561,Constantine
640146,Ant-Man and the Wasp: Quantumania
9899,The Producers
1830,Lord of War
921,Cinderella Man
2800,Rumor Has It...
1904,Memoirs of a Geisha
1656,The Legend of Zorro
12700,Dominion: Prequel to The Exorcist
11968,Into the Blue
8814,Doom
6795,Zathura: A Space Adventure
9923,Domino
8066,Stay
4442,The Brothers Grimm
423453,Sahara
10214,Son of the Mask
10077,A Sound of Thunder
1495,Kingdom of Heaven
11679,xXx: State of the Union
1635,The Island
10048,Stealth
58,Pirates of the Caribbean: Dead Man's Chest
1271,300
1593,Night at the Museum
920,Cars
950,Ice Age: The Meltdown
496,Borat: Cultural Learnings of America for Make Benefit Glorious Nation of Kazakhstan
1402,The Pursuit of Happyness
9836,Happy Feet
591,The Da Vinci Code
350,The Devil Wears Prada
9718,Talladega Nights: The Ballad of Ricky Bobby
7518,Over the Hedge
13767,The Santa Clause 3: The Escape Clause
214,Saw III
9767,The Break-Up
16781,Madea's Family Reunion
9339,Click
9762,Step Up
773,Little Miss Sunshine
1246,Rocky Balboa
4257,Scary Movie 4
9353,Nacho Libre
388,Inside Man
1422,The Departed
9036,Eight Below
6877,Failure to Launch
1125,Dreamgirls
10053,When a Stranger Calls
11565,Big Momma's House 2
806,The Omen
9286,Final Destination 3
10073,Date Movie
9957,The Benchwarmers
9792,The Hills Have Eyes
36668,X-Men: The Last Stand
10781,The Texas Chainsaw Massacre: The Beginning
1491,The Illusionist
9293,John Tucker Must Die
9530,RV
9907,Barnyard
1819,"You, Me and Dupree"
2295,Clerks II
1975,The Grudge 2
7516,Smokin' Aces
11652,Invincible
36557,Casino Royale
9895,Man of the Year
9829,United 93
9794,Employee of the Month
10069,Stay Alive
1948,Crank
9655,She's the Man
9788,Accepted
1124,The Prestige
2044,The Lake House
834,Underworld: Evolution
15639,Larry the Cable Guy: Health Inspector
10067,The Shaggy Dog
13751,Akeelah and the Bee
1262,Stranger Than Fiction
9526,A Prairie Home Companion
18925,Facing the Giants
1164,Babel
9766,Gridiron Gang
9975,Curious George
9656,Black Christmas
10007,See No Evil
8998,Friends with Money
14191,Aquamarine
512,Scoop
1852,World Trade Center
12586,Bella
12763,Take the Lead
16727,The Namesake
9782,The Night Listener
9954,The Covenant
62697,Bug
936,The Pink Panther
7859,Half Nelson
9988,Beerfest
13960,ATL
326,Snakes on a Plane
7484,Open Season
1378,Shortbus
9682,Pulse
13198,Wristcutters: A Love Story
8975,The Marine
9754,Firewall
11908,Hatchet
9297,Monster House
13075,Sherrybaby
5172,The Astronaut Farmer
9986,Charlotte's Web
10741,Bobby
9796,Turistas
3509,A Scanner Darkly
48138,Unknown
186,Lucky Number Slevin
9952,Rescue Dawn
7510,Running with Scissors
7985,Penelope
12271,Factory Girl
9072,Little Man
7874,Black Snake Moan
13689,Peaceful Warrior
14799,For Your Consideration
17379,Last Holiday
9035,Slither
10093,The Return
4474,My Super Ex-Girlfriend
7304,Running Scared
18147,Unaccompanied Minors
7511,The Last Kiss
13275,Annapolis
13668,Catch and Release
9310,American Dreamz
1590,Copying Beethoven
10025,Just My Luck
7551,Déjà Vu
14202,The Painted Veil
9920,Ultraviolet
2179,Tenacious D in The Pick of Destiny
9950,Find Me Guilty
9672,Infamous
14171,Home of the Brave
1249,Hollywoodland
4643,The Guardian
2207,16 Blocks
37725,It's a Boy Girl Thing
956,Mission: Impossible III
9708,The Wicker Man
18615,Fur: An Imaginary Portrait of Diane Arbus
4723,Southland Tales
9842,School for Scoundrels
13249,Seraphim Falls
1252,Lonely Hearts
9903,The Hoax
9053,DOA: Dead or Alive
1440,Little Children
11170,We Are Marshall
1581,The Holiday
9906,The Ant Bully
9615,The Fast and the Furious: Tokyo Drift
14113,Zoom
5820,The Sentinel
1887,Marie Antoinette
1381,The Fountain
2486,Eragon
9959,Freedomland
13967,Miss Potter
9676,The Black Dahlia
9726,A Good Year
9697,Lady in the Water
722149,Luther: The Fallen Sun
182,The Good German
9978,Stormbreaker
9693,Children of Men
9904,The Wild
1372,Blood Diamond
9664,Flyboys
25430,All the King's Men
11515,Goya's Ghosts
1247,The Good Shepherd
3683,Flags of Our Fathers
1427,Perfume: The Story of a Murderer
3093,Basic Instinct 2
1452,Superman Returns
9992,Arthur et les Minimoys
82,Miami Vice
11619,Flushed Away
503,Poseidon
1858,Transformers
810,Shrek the Third
6477,Alvin and the Chipmunks
675,Harry Potter and the Order of the Phoenix
7326,Juno
4964,Knocked Up
2503,The Bourne Ultimatum
35,The Simpsons Movie
23827,Paranormal Activity
6479,I Am Legend
8363,Superbad
6637,National Treasure: Book of Secrets
559,Spider-Man 3
13680,The Game Plan
1265,Bridge to Terabithia
8271,Disturbia
9955,Blades of Glory
2062,Ratatouille
663,Saw IV
6977,No Country for Old Men
7350,The Bucket List
1931,Stomp the Yard
3021,1408
2976,Hairspray
948,Halloween
4523,Enchanted
17202,Why Did I Get Married?
9757,Norbit
3563,I Now Pronounce You Chuck & Larry
298,Ocean's Thirteen
4982,American Gangster
9963,Premonition
1571,Live Free or Die Hard
4566,Michael Clayton
6023,P.S. I Love You
7211,Dan in Real Life
10172,Are We Done Yet?
4347,Atonement
1273,TMNT
9760,Epic Movie
9966,The Messengers
10758,Waitress
1620,Hitman
1646,Freedom Writers
14047,The Great Debaters
7345,There Will Be Blood
3638,No Reservations
11172,Music and Lyrics
10090,Reno 911!: Miami
10030,Good Luck Chuck
4513,30 Days of Night
285,Pirates of the Caribbean: At World's End
2959,License to Wed
3432,Mr. Brooks
1268,Mr. Bean's Holiday
5876,The Mist
2001,We Own the Night
1691,Hostel: Part II
14144,Daddy Day Camp
9542,The Hitcher
12435,The Nanny Diaries
18477,The Hills Have Eyes Part II
1250,Ghost Rider
615658,Awake
7737,Resident Evil: Extinction
14043,Nancy Drew
881487,The Visitor
3594,The Number 23
13158,Aqua Teen Hunger Force Colon Movie Film for Theaters
13257,Mr. Woodcock
5915,Into the Wild
13885,Sweeney Todd: The Demon Barber of Fleet Street
1979,Fantastic Four: Rise of the Silver Surfer
440,Aliens vs Predator: Requiem
5123,August Rush
14434,I Think I Love My Wife
4771,Gone Baby Gone
13067,In the Land of Women
10294,Vacancy
242095,The Signal
5174,Rush Hour 3
2355,Reign Over Me
34803,Death at a Funeral
10247,He Was a Quiet Man
13159,Georgia Rule
13025,Diary of the Dead
15581,Who's Your Caddy?
1961,My Name Is Bruce
5176,3:10 to Yuma
8141,You Kill Me
1990,Paranoid Park
10431,War
14001,Dead Silence
4629,December Boys
7942,Run Fatboy Run
13474,P2
4538,The Darjeeling Limited
10822,Savage Grace
13173,The Ten
5857,I Know Who Killed Me
10760,Sydney White
7797,Youth Without Youth
11600,Redacted
14424,Sex and Death 101
13068,Rocket Science
14223,Wind Chill
6615,Lars and the Real Girl
10759,The Comebacks
1988,A Mighty Heart
13177,Battle in Seattle
13998,Margot at the Wedding
8669,Charlie Bartlett
6538,Charlie Wilson's War
10071,The Brothers Solomon
1989,My Blueberry Nights
9785,The Invisible
5718,King of California
13074,Resurrecting the Champ
13641,The Air I Breathe
14123,Bratz
11835,Death Sentence
8954,Reservation Road
7972,Before the Devil Knows You're Dead
8270,The Lookout
10075,Blood and Chocolate
4170,Trade
14396,Code Name: The Cleaner
13079,The Life Before Her Eyes
3877,Things We Lost in the Fire
3489,88 Minutes
10234,Funny Games
7485,Shooter
14125,Captivity
1683,The Reaping
3902,I'm Not There
6575,Walk Hard: The Dewey Cox Story
5125,Rendition
14753,Silk
5126,Martian Child
4515,Lions for Lambs
4688,Across the Universe
1248,Hannibal Rising
4349,The Kingdom
9038,The Heartbreak Kid
5559,Bee Movie
5353,The Hunting Party
4512,The Assassination of Jesse James by the Coward Robert Ford
4141,Shoot 'Em Up
5375,Fred Claus
2270,Stardust
1949,Zodiac
2284,Mr. Magorium's Wonder Emporium
4413,The Brave One
1534,Pathfinder
2274,The Seeker: The Dark Is Rising
7183,Perfect Stranger
4517,Elizabeth: The Golden Age
6639,Love in the Time of Cholera
9408,Surf's Up
285923,Grindhouse
1950,Lucky You
1738,Next
1267,Meet the Robinsons
2312,In the Name of the King: A Dungeon Siege Tale
4858,The Invasion
2310,Beowulf
2698,Evan Almighty
2268,The Golden Compass
155,The Dark Knight
1726,Iron Man
8966,Twilight
217,Indiana Jones and the Kingdom of the Crystal Skull
12405,Slumdog Millionaire
8681,Taken
13223,Gran Torino
11631,Mamma Mia!
4564,Sex and the City
9502,Kung Fu Panda
72391,Marley & Me: The Puppy Years
11887,High School Musical 3: Senior Year
8960,Hancock
14405,Beverly Hills Chihuahua
12222,Horton Hears a Who!
10189,Pineapple Express
8909,Wanted
7191,Cloverfield
11665,Get Smart
6557,27 Dresses
8065,21
11917,Saw V
9029,What Happens in Vegas
298621,Au pan coupé
10665,The Strangers
88751,Journey to the Center of the Earth
8328,Step Up 2: The Streets
12193,Four Christmases
15373,Role Models
12133,Step Brothers
9870,Forgetting Sarah Marshall
14438,Fireproof
7461,Vantage Point
8780,Baby Mama
10202,Bedtime Stories
10527,Madagascar: Escape 2 Africa
10201,Yes Man
12837,The Secret Life of Bees
12180,Star Wars: The Clone Wars
285205,Her er Harold
36599,Prom Night
4944,Burn After Reading
12620,The House Bunny
12182,Nick and Norah's Infinite Playlist
13027,Eagle Eye
12163,The Wrestler
13812,Quarantine
9030,The Eye
13279,Lakeview Terrace
7446,Tropic Thunder
10885,Shutter
10188,The Sisterhood of the Traveling Pants 2
8645,The Happening
11321,Seven Pounds
14359,Doubt
14326,Nights in Rodanthe
10139,Milk
10488,Nim's Island
13972,The Women
8848,The Bank Job
10661,You Don't Mess with the Zohan
11152,The Ruins
7278,Meet the Spartans
2253,Valkyrie
5038,Vicky Cristina Barcelona
10358,Zack and Miri Make a Porno
13490,Welcome Home Roscoe Jenkins
6933,One Missed Call
1266,Street Kings
10761,Made of Honor
13051,Max Payne
8456,Never Back Down
13090,Sunshine Cleaning
8055,The Reader
12162,The Hurt Locker
13387,Transporter 3
13291,Traitor
10183,Frozen River
8942,Wendy and Lucy
559937,特警队
8676,Fool's Gold
12690,Appaloosa
13973,Choke
18533,Bronson
10200,The Day the Earth Stood Still
21910,I Sell the Dead
13596,My Best Friend's Girl
13996,Bottle Shock
22152,Lymelife
12085,Mad Money
13991,College
13160,Over Her Dead Body
39514,RED
1729,The Forbidden Kingdom
13813,Defiance
14574,The Boy in the Striped Pyjamas
10900,Surveillance
14299,Cadillac Records
13990,The Wackness
12621,Hamlet 2
13515,Mirrors
12400,Redbelt
10187,Swing Vote
8247,Jumper
14248,Igor
13805,Disaster Movie
8090,Untraceable
11499,Frost/Nixon
12797,Ghost Town
10362,Two Lovers
11802,Space Chimps
8457,Drillbit Taylor
8321,In Bruges
7555,Rambo
13172,The Promotion
12192,Pathology
7353,Fireflies in the Garden
12184,The Other Boleyn Girl
14353,Repo! The Genetic Opera
10186,The Rocker
10483,Death Race
4953,Be Kind Rewind
11253,Hellboy II: The Golden Army
8836,The X Files: I Want to Believe
11918,Superhero Movie
10199,The Tale of Despereaux
11671,Elegy
13191,"War, Inc."
7840,"10,000 BC"
13523,Sex Drive
4148,Revolutionary Road
13809,RocknRolla
12572,"New York, I Love You"
14220,Strange Wilderness
12568,Brideshead Revisited
8988,Stop-Loss
13150,Pride and Glory
16005,The Lucky Ones
17606,The Other Man
10185,The Midnight Meat Train
1724,The Incredible Hulk
14914,Flash of Genius
21755,The Brothers Bloom
4960,"Synecdoche, New York"
17436,The Informers
8204,The Spiderwick Chronicles
13460,Doomsday
3580,Changeling
12165,The Burning Plain
13389,Righteous Kill
13018,Deception
13260,Semi-Pro
4922,The Curious Case of Benjamin Button
12404,Me and Orson Welles
8944,What Just Happened
274870,Passengers
13256,Mutant Chronicles
4942,Leatherheads
13056,Punisher: War Zone
13184,Bangkok Dangerous
12177,The Love Guru
14325,The Express
12113,Body of Lies
10764,Quantum of Solace
13053,Bolt
12412,Miracle at St. Anna
8285,The Spirit
1735,The Mummy: Tomb of the Dragon Emperor
2309,Inkheart
13600,City of Ember
9381,Babylon A.D.
11260,Meet Dave
10529,Outlander
7459,Speed Racer
6972,Australia
2454,The Chronicles of Narnia: Prince Caspian
19995,Avatar
18239,The Twilight Saga: New Moon
18785,The Hangover
22881,The Blind Side
8373,Transformers: Revenge of the Fallen
23398,Alvin and the Chipmunks: The Squeakquel
18240,The Proposal
14560,Paul Blart: Mall Cop
10528,Sherlock Holmes
14160,Up
13475,Star Trek
8355,Ice Age: Dawn of the Dinosaurs
17654,District 9
385687,Fast X
22947,Up in the Air
27019,Céline et Julie vont en bateau
10184,He's Just Not That Into You
767,Harry Potter and the Half-Blood Prince
19908,Zombieland
20943,The Ugly Truth
16869,Inglourious Basterds
18126,Hannah Montana: The Movie
17335,Obsessed
4488,Friday the 13th
18781,The Haunting in Connecticut
16996,17 Again
19899,Couples Retreat
15189,Hotel for Dogs
25793,Precious
14435,My Bloody Valentine
25196,Crazy Heart
16538,"I Love You, Man"
13811,Knowing
2080,X-Men Origins: Wolverine
10521,Bride Wars
22897,It's Complicated
18360,Night at the Museum: Battle of the Smithsonian
13788,The Unborn
19912,The Final Destination
19913,(500) Days of Summer
22794,Cloudy with a Chance of Meatballs
24420,The Time Traveler's Wife
22803,Law Abiding Citizen
15512,Monsters vs Aliens
10024,My Sister's Keeper
23706,All About Steve
11281,Halloween II
18405,The Last House on the Left
12556,Ghosts of Girlfriends Past
14410,Notorious
22804,Saw VI
22824,The Fourth Kind
14836,Coraline
22949,Old Dogs
16871,Drag Me to Hell
11323,The Informant!
12437,Underworld: Rise of the Lycans
26390,Brooklyn's Finest
19901,Daybreakers
19904,The Stepfather
14536,New in Town
10313,The Men Who Stare at Goats
18065,Next Day Air
16991,Observe and Report
19905,"The Goods: Live Hard, Sell Hard"
24684,An Education
25643,Love Happens
28665,Fame
12569,Extract
7445,Brothers
22821,The Boondock Saints II: All Saints Day
12573,A Serious Man
44718,Get Low
34653,A Single Man
13836,Race to Witch Mountain
12244,9
21407,The Collector
12403,A Perfect Getaway
28053,City Island
21724,Dance Flick
19994,Jennifer's Body
17431,Moon
23082,The Invention of Lying
26688,Sorority Row
10198,The Princess and the Frog
25983,The House of the Devil
17680,The Girlfriend Experience
19556,Miss March
22832,Ninja Assassin
22798,Whip It
24804,Black Dynamite
22327,Youth in Revolt
17927,Fired Up!
11322,Public Enemies
19840,"I Love You, Beth Cooper"
13532,Fanboys
34769,Defendor
29426,Survival of the Dead
4597,Armored
36419,After.Life
11928,Tetro
22640,Shrink
28089,The Messenger
37080,Mother and Child
13455,Push
15092,Crank: High Voltage
26963,The Secret of Kells
19255,Away We Go
23049,My Life in Ruins
41479,The Joneses
25704,Post Grad
12834,Leaves of Grass
15268,Street Fighter: The Legend of Chun-Li
19265,Whatever Works
17134,12 Rounds
22820,Gentlemen Broncos
36691,Solitary Man
28211,Chloe
8952,I Love You Phillip Morris
38448,Ondine
26171,Everybody's Fine
28355,Case 39
37707,Splice
23367,Bandslam
22825,The Box
11220,墮落天使
769466,"Un año, una noche"
20766,The Road
15577,Crossing Over
10315,Fantastic Mr. Fox
38842,Middle Men
16558,Duplicity
20856,Aliens in the Attic
14164,Dragonball Evolution
7980,The Lovely Bones
13183,Watchmen
22954,Invictus
26320,Taking Woodstock
19898,Pandorum
16523,Where the Wild Things Are
20829,Funny People
11699,Bad Lieutenant: Port of Call - New Orleans
18320,The Young Victoria
4959,The International
22787,Whiteout
14869,G.I. Joe: The Rise of Cobra
25137,Beyond a Reasonable Doubt
8915,Amelia
24418,Cirque du Freak: The Vampire's Assistant
16866,Planet 51
17332,The Soloist
24438,Did You Hear About the Morgans?
18501,Gamer
14161,2012
15159,The Pink Panther 2
18487,The Taking of Pelham 1 2 3
19724,Imagine That
19959,Surrogates
16577,Astro Boy
31011,Mr. Nobody
18162,Land of the Lost
10197,Nine
17979,A Christmas Carol
534,Terminator Salvation
24021,The Twilight Saga: Eclipse
10193,Toy Story 3
20352,Despicable Me
38575,The Karate Kid
12155,Alice in Wonderland
44264,True Grit
27205,Inception
45269,The King's Speech
10138,Iron Man 2
44214,Black Swan
38365,Grown Ups
41436,Paranormal Activity 2
10192,Shrek Forever After
45317,The Fighter
32856,Valentine's Day
37799,The Social Network
23168,The Town
22971,Dear John
10191,How to Train Your Dragon
49018,Insidious
37735,Easy A
897192,Diary of a Wimpy Kid: Rodrick Rules
39451,Little Fockers
11324,Shutter Island
35056,Date Night
35690,The Last Song
38358,The Last Exorcism
18823,Clash of the Titans
41733,Due Date
39514,RED
377,A Nightmare on Elm Street
27573,The Bounty Hunter
22907,Takers
41439,Saw 3D
39486,Secretariat
44040,Devil
27578,The Expendables
37056,Letters to Juliet
34803,Death at a Funeral
32823,Get Him to the Greek
38167,Eat Pray Love
41515,Yogi Bear
27581,The Other Guys
29427,The Crazies
38055,Megamind
23483,Kick-Ass
39781,The Kids Are All Right
40264,Vampires Suck
23631,Machete
27579,The American
38408,Life As We Know It
23742,Cop Out
20504,The Book of Eli
23048,Hot Tub Time Machine
22894,Legion
41233,Step Up 3D
23023,Tooth Fairy
34016,She's Out of My League
34851,Predators
42684,Skyline
48289,The Debt
38843,Ramona and Beezus
41210,The Switch
46705,Blue Valentine
27576,Salt
41382,Lottery Ticket
25195,Leap Year
38303,You Again
45272,Country Strong
12819,Alpha and Omega
39013,Winter's Bone
38778,Dinner for Schmucks
23169,Remember Me
55347,Beginners
34806,The Back-Up Plan
616037,Thor: Love and Thunder
97,Tron
40247,Please Give
43593,Piranha 3D
39053,Cyrus
44115,127 Hours
47607,Tiny Furniture
35791,Resident Evil: Afterlife
66195,The Perfect Host
52015,Stake Land
43919,Hatchet II
41283,Faster
46261,Don't Be Afraid of the Dark
57120,Meek's Cutoff
34813,The Losers
37931,MacGruber
43923,It's Kind of a Funny Story
43947,I Spit on Your Grave
45132,Super
45658,Everything Must Go
27585,Rabbit Hole
23172,The Spy Next Door
795230,Trust
70695,Dirty Girl
41556,The Romantics
37786,Sex and the City 2
44009,Another Year
40720,Twelve
52338,Waiting for Forever
39210,Somewhere
45094,Conviction
35019,Nanny McPhee and the Big Bang
32657,Percy Jackson & the Olympians: The Lightning Thief
27586,The Runaways
44835,Hesher
41402,Let Me In
43539,The Next Three Days
38357,Morning Glory
43552,Vanishing on 7th Street
43931,My Soul to Take
44129,The Company Men
23759,Centurion
53172,Henry's Crime
43949,Flipped
38363,Fair Game
37414,The Killer Inside Me
37950,Charlie St. Cloud
60309,The Conspirator
38073,Going the Distance
42297,Burlesque
678287,Marmaduke
44603,Hereafter
35169,Furry Vengeance
33909,Wall Street: Money Never Sleeps
31867,Repo Men
10196,The Last Airbender
44048,Unstoppable
38031,You Will Meet a Tall Dark Stranger
43935,Dylan Dog: Dead of Night
27569,Extraordinary Measures
44113,Stone
13477,When in Rome
41216,Legend of the Guardians: The Owls of Ga'Hoole
48838,London Boulevard
529485,The Way Back
37821,Killers
22538,Scott Pilgrim vs. the World
37710,The Tourist
34544,The A-Team
20533,Jonah Hex
12201,Edge of Darkness
37834,Knight and Day
1027159,ルパン三世VSキャッツ・アイ
10140,The Chronicles of Narnia: The Voyage of the Dawn Treader
38757,Tangled
22972,Green Zone
38745,Gulliver's Travels
27022,The Sorcerer's Apprentice
7978,The Wolfman
42888,How Do You Know
11886,Robin Hood
9543,Prince of Persia: The Sands of Time
12445,Harry Potter and the Deathly Hallows: Part 2
45243,The Hangover Part II
50619,The Twilight Saga: Breaking Dawn - Part 1
38356,Transformers: Dark of the Moon
50014,The Help
55721,Bridesmaids
72571,Paranormal Activity 3
51497,Fast Five
61791,Rise of the Planet of the Apes
51540,Horrible Bosses
52449,Bad Teacher
37686,Super 8
56292,Mission: Impossible - Ghost Protocol
45772,Gnomeo & Juliet
65057,The Descendants
58574,Sherlock Holmes: A Game of Shadows
55301,Alvin and the Chipmunks: Chipwrecked
46195,Rio
51876,Limitless
41630,No Strings Attached
50359,Hop
64328,The Muppets
59436,Midnight in Paris
1771,Captain America: The First Avenger
74534,The Best Exotic Marigold Hotel
62837,Dolphin Tale
50646,"Crazy, Stupid, Love."
48138,Unknown
41513,The Smurfs
72213,Courageous
897192,Diary of a Wimpy Kid: Rodrick Rules
10195,Thor
74643,The Artist
10316,The Ides of March
1788,Footloose
563067,Fukushima 50
75174,The Grey
43959,Soul Surfer
74465,We Bought a Zoo
60308,Moneyball
50546,Just Go with It
45612,Source Code
49950,The Roommate
50544,Friends with Benefits
55787,Water for Elephants
64690,Drive
59968,Our Idiot Brother
315162,Puss in Boots: The Last Wish
50348,The Lincoln Lawyer
83899,You're Next
55465,A Very Harold & Kumar Christmas
39538,Contagion
49444,Kung Fu Panda 2
57212,War Horse
44943,Battle: Los Angeles
58224,Mr. Popper's Penguins
50357,Apollo 18
65754,The Girl with the Dragon Tattoo
38050,The Adjustment Bureau
22970,The Cabin in the Woods
56288,Spy Kids: All the Time in the World
38117,Beastly
92182,Silent House
50456,Hanna
48988,Hall Pass
62206,30 Minutes or Less
37958,Immortals
38322,"Big Mommas: Like Father, Like Son"
59861,Larry Crowne
57431,The Sitter
57157,Young Adult
92591,Bernie
49022,Something Borrowed
59860,Monte Carlo
60420,Like Crazy
59108,Tower Heist
55779,Final Destination 5
88794,J. Edgar
51588,Prom
50839,Margin Call
84355,Your Sister's Sister
55420,Another Earth
38317,Zookeeper
58428,The Innkeepers
51828,One Day
62838,New Year's Eve
41446,Scream 4
49530,In Time
39513,Paul
76025,Shame
80038,Friends with Kids
48572,Red State
52067,Cedar Rapids
64720,Take Shelter
980078,Winnie-the-Pooh: Blood and Honey
62835,Colombiana
48171,The Rite
70435,Haywire
49730,Red Riding Hood
71880,Jack and Jill
46529,I Am Number Four
73873,Albert Nobbs
62046,Flypaper
71676,Ghost Rider: Spirit of Vengeance
71859,We Need to Talk About Kevin
49494,The Eagle
82532,"Jeff, Who Lives at Home"
63492,What's Your Number?
65055,Shark Night 3D
48340,Sanctum
59965,Abduction
49012,Arthur
67911,Bucky Larson: Born to Be a Star
47760,Restless
1052946,ヴァイオレット・エヴァーガーデン 特別編集版
64685,Extremely Loud & Incredibly Close
55720,A Better Life
49013,Cars 2
71469,The Darkest Hour
1865,Pirates of the Caribbean: On Stranger Tides
73567,Killer Joe
924482,The Ledge
51209,Kill the Irishman
27582,The Mechanic
75622,Rampart
59440,Warrior
44896,Rango
11797,Fright Night
50601,5 Days of War
73499,The Double
691677,X-Men: First Class 35mm Special
44754,Margaret
70868,I Don't Know How She Does It
64639,Straw Dogs
49520,The Change-Up
74536,The Son of No One
23047,Season of the Witch
56780,Atlas Shrugged: Part I
50725,Take Me Home Tonight
74998,Seeking Justice
8967,The Tree of Life
50780,The Beaver
1091,The Thing
40805,The Green Hornet
44564,The Dilemma
72113,Carnage
39254,Real Steel
61891,Anonymous
38319,Your Highness
69668,Dream House
45610,Machine Gun Preacher
38321,Priest
23514,The Rum Diary
73937,The Big Year
70578,Trespass
58233,Johnny English Reborn
47327,Drive Angry
23629,Sucker Punch
51052,Arthur Christmas
52451,The Three Musketeers
17578,The Adventures of Tintin
49849,Cowboys & Aliens
37430,Conan the Barbarian
65759,Happy Feet Two
44826,Hugo
44912,Green Lantern
50321,Mars Needs Moms
24428,The Avengers
70160,The Hunger Games
49026,The Dark Knight Rises
50620,The Twilight Saga: Breaking Dawn - Part 2
72105,Ted
73723,The Lorax
49051,The Hobbit: An Unexpected Journey
72976,Lincoln
82693,Silver Linings Playbook
77930,Magic Mike
37724,Skyfall
64688,21 Jump Street
72570,The Vow
82675,Taken 2
68734,Argo
67660,Think Like a Man
80321,Madagascar 3: Europe's Most Wanted
57800,Ice Age: Continental Drift
76492,Hotel Transylvania
68718,Django Unchained
87502,Flight
75674,Act of Valor
97630,Zero Dark Thirty
76726,Chronicle
62177,Brave
88042,Parental Guidance
76487,The Devil Inside
82990,Paranormal Activity 4
114150,Pitch Perfect
82507,Sinister
57214,Project X
77866,Contraband
59961,Safe House
65086,The Woman in Black
59967,Looper
77877,The Lucky One
77883,The Possession
77016,End of Watch
82696,Hope Springs
89492,This Is 40
1930,The Amazing Spider-Man
83666,Moonrise Kingdom
82650,Diary of a Wimpy Kid: Dog Days
71864,The Odd Life of Timothy Green
72545,Journey 2: The Mysterious Island
82690,Wreck-It Ralph
82505,House at the End of the Street
75780,Jack Reacher
93856,Chernobyl Diaries
68179,Escape from Planet Earth
76489,The Three Stooges
14838,Hit and Run
103731,Mud
82633,Lawless
84175,Beasts of the Southern Wild
122081,Spring Breakers
71552,American Reunion
97367,The Place Beyond the Pines
87825,Trouble with the Curve
83686,The Words
113947,The Sessions
84892,The Perks of Being a Wallflower
87826,Here Comes the Boom
84332,Safety Not Guaranteed
87496,The Company You Keep
82525,Savages
85446,Step Up Revolution
84340,Sleepwalk with Me
76494,What to Expect When You're Expecting
2048,"I, Robot"
97430,The Man with the Iron Fists
84200,"For a Good Time, Call..."
84188,Compliance
64689,Killing Them Softly
86838,Seven Psychopaths
84341,Smashed
104755,The Lords of Salem
114779,It's a Disaster
85414,Brake
134597,The Collection
127867,The Brass Teapot
72207,The Five-Year Engagement
84306,Liberal Arts
84199,The First Time
84174,Bachelorette
123109,No One Lives
82687,The Guilt Trip
88005,Seeking a Friend for the End of the World
89691,ATM
70981,Prometheus
98548,People Like Us
62214,Frankenweenie
77174,ParaNorman
60599,Arbitrage
82679,Fun Size
71668,Piranha 3DD
127373,What Maisie Knew
76493,The Dictator
103332,Ruby Sparks
81796,Lockout
27346,Maniac
133694,Promised Land
52520,Underworld: Awakening
68812,The Iceman
77953,The Campaign
72431,Red Tails
127517,Disconnect
94348,Alex Cross
112336,Hitchcock
70436,The Raven
122857,Universal Soldier: Day of Reckoning
59962,This Means War
121824,Stand Up Guys
49040,The Bourne Legacy
82390,The Paperboy
97614,Deadfall
79694,The Apparition
72387,Safe
54054,One for the Money
82684,Chasing Mavericks
58595,Snow White and the Huntsman
49526,Premium Rush
76163,The Expendables 2
68722,The Master
77948,The Cold Light of Day
112937,The Oogieloves in the Big Balloon Adventure
78698,Big Miracle
62764,Mirror Mirror
60747,Red Dawn
72358,A Thousand Words
77875,Playing for Keeps
71679,Resident Evil: Retribution
49527,Man on a Ledge
72197,The Pirates! In an Adventure with Scientists!
83770,On the Road
135540,¡Viva lo imposible!
84305,Lay the Favorite
72331,Abraham Lincoln: Vampire Hunter
80035,The Watch
87428,That's My Boy
127493,Stolen
70074,Bullet to the Head
80585,Rock of Ages
49049,Dredd
81188,Rise of the Guardians
41154,Men in Black 3
64635,Total Recall
57165,Wrath of the Titans
62213,Dark Shadows
83542,Cloud Atlas
44833,Battleship
49529,John Carter
101299,The Hunger Games: Catching Fire
93456,Despicable Me 2
109445,Frozen
728619,鉄仮面を追えダルタニャン物語より
49047,Gravity
138843,The Conjuring
136795,The Heat
138832,We're the Millers
168672,American Hustle
109431,Identity Thief
208134,Jackass Presents: Bad Grandpa
132363,The Butler
193756,Lone Survivor
82992,Fast & Furious 6
91586,Insidious: Chapter 2
109443,Anchorman 2: The Legend Continues
109414,This Is the End
62211,Monsters University
49521,Man of Steel
158015,The Purge
109410,42
109418,Grown Ups 2
146304,The Best Man Holiday
49519,The Croods
109424,Captain Phillips
140823,Saving Mr. Banks
112949,Safe Haven
75656,Now You See Me
109451,Cloudy with a Chance of Meatballs 2
151960,Planes
64682,The Great Gatsby
158011,The Call
54138,Star Trek Into Darkness
139038,A Haunted House
109428,Evil Dead
76203,12 Years a Slave
76338,Thor: The Dark World
137093,Last Vegas
57158,The Hobbit: The Desolation of Smaug
82654,Warm Bodies
117263,Olympus Has Fallen
134411,Snitch
205220,Philomena
134374,Pain & Gain
157547,Oculus
152532,Dallas Buyers Club
138697,Don Jon
68728,Oz the Great and Powerful
106646,The Wolf of Wall Street
147773,The Way Way Back
160588,Blue Jasmine
157354,Fruitvale Station
146233,Prisoners
136400,2 Guns
76617,Texas Chainsaw 3D
145135,Dark Skies
152737,August: Osage County
1072798,Мирний-21
76170,The Wolverine
72190,World War Z
4258,Scary Movie 5
146203,The Last Exorcism Part II
209263,Enough Said
109439,The Hangover Part III
198277,Begin Again
116711,Epic
874891,The Family
107985,The World's End
60304,Hansel & Gretel: Witch Hunters
129670,Nebraska
7342,Carrie
132344,Before Midnight
144340,Admission
146239,Delivery Man
157386,The Spectacular Now
115782,Jobs
87421,Riddick
87818,Movie 43
152601,Her
203833,The Book Thief
86829,Inside Llewyn Davis
171424,The Green Inferno
109421,Side Effects
129139,The To Do List
59859,Kick-Ass 2
175574,Free Birds
145197,Upstream Color
220289,Coherence
175291,Cheap Thrills
188166,Blue Ruin
109729,The Canyons
113148,Prince Avalanche
210479,Locke
204082,Homefront
96936,The Bling Ring
209403,Bad Words
72525,Syrup
152747,All Is Lost
157847,Joe
143049,Adult World
211067,The Sacrament
77987,Only God Forgives
87499,The East
130150,Labor Day
85889,Filth
199420,Pawn Shop Chronicles
484641,Anna
124459,The Incredible Burt Wonderstone
72559,G.I. Joe: Retaliation
146227,Getaway
109091,The Counselor
157834,The Zero Theorem
93828,Welcome to the Punch
146223,Closed Circuit
209262,Parkland
77805,Lovelace
64807,Grudge Match
86825,Stoker
164457,Out of the Furnace
198663,The Maze Runner
97370,Under the Skin
96721,Rush
209189,Life of Crime
106747,Machete Kills
87567,The Big Wedding
116741,The Internship
72710,The Host
152599,The Immigrant
82682,Gangster Squad
193613,Metallica: Through the Never
98357,Broken City
152259,Phantom
119283,Parker
68727,Trance
102362,Dead Man Down
136418,Hummingbird
76285,Percy Jackson: Sea of Monsters
68724,Elysium
47964,A Good Day to Die Hard
162903,The Fifth Estate
107846,Escape Plan
190955,Blood Ties
192145,Third Person
115348,Paranoia
87516,Oldboy
123553,The Mortal Instruments: City of Bones
146216,RED 2
75612,Oblivion
116745,The Secret Life of Walter Mitty
76640,The Last Stand
77931,The Smurfs 2
109491,Beautiful Creatures
993006,Walking with Dinosaurs: Prehistoric Planet 3D
80274,Ender's Game
77950,Turbo
82700,After Earth
117251,White House Down
68726,Pacific Rim
49524,R.I.P.D.
57201,The Lone Ranger
732459,Blade of the 47 Ronin
190859,American Sniper
131631,The Hunger Games: Mockingjay - Part 1
137106,The Lego Movie
118340,Guardians of the Galaxy
187017,22 Jump Street
195589,Neighbors
222935,The Fault in Our Stars
168530,Ride Along
210577,Gone Girl
100402,Captain America: The Winter Soldier
240832,Lucy
236751,Heaven Is for Real
224141,Into the Woods
250546,Annabelle
205596,The Imitation Game
198663,The Maze Runner
98566,Teenage Mutant Ninja Turtles
157350,Divergent
193893,Let's Be Cops
226486,Tammy
238636,The Purge: Anarchy
102651,Maleficent
249660,God's Not Dead
177572,Big Hero 6
227306,Unbroken
207703,Kingsman: The Secret Service
156022,The Equalizer
100042,Dumb and Dumber To
242512,Ouija
193610,The Other Woman
225574,Non-Stop
260346,Taken 3
184098,Think Like a Man Too
124905,Godzilla
249164,If I Stay
136835,No Good Deed
218778,"Alexander and the Terrible, Horrible, No Good, Very Bad Day"
119450,Dawn of the Planet of the Apes
235260,Son of God
222899,About Last Night
91314,Transformers: Age of Extinction
120467,The Grand Budapest Hotel
127585,X-Men: Days of Future Past
228194,The Hundred-Foot Journey
273895,Selma
82702,How to Train Your Dragon 2
277685,Unfriended
239563,St. Vincent
172385,Rio 2
227348,Paranormal Activity: The Marked Ones
238603,Earth to Echo
194662,Birdman or (The Unexpected Virtue of Ignorance)
242582,Nightcrawler
245891,John Wick
157336,Interstellar
228970,Wild
227783,The Nut Job
85350,Boyhood
116149,Paddington
196867,Annie
266856,The Theory of Everything
212778,Chef
227156,The Giver
225565,That Awkward Moment
228150,Fury
256274,"As Above, So Below"
232679,When the Game Stands Tall
239678,This Is Where I Leave You
284293,Still Alice
270303,It Follows
184345,A Haunted House 2
284296,Top Five
253331,Black or White
227159,Horrible Bosses 2
198185,Million Dollar Arm
254904,The November Man
244786,Whiplash
218836,Planes: Fire & Rescue
79316,Devil's Due
284536,The Gambler
152760,The Monuments Men
241771,Beyond the Lights
209451,Jersey Boys
232672,Blended
252680,Moms' Night Out
122917,The Hobbit: The Battle of the Five Armies
87093,Big Eyes
200505,Draft Day
19114,Endless Love
188161,A Million Ways to Die in the West
102382,The Amazing Spider-Man 2
192102,3 Days to Kill
616037,Thor: Love and Thunder
295884,Saving Christmas
157849,A Most Wanted Man
145220,Muppets Most Wanted
239571,The Best of Me
239566,Get on Up
581526,다만 악에서 구하소서
242090,The One I Love
228326,The Book of Life
244517,God's Pocket
244506,Camp X-Ray
254191,Honeymoon
246403,Tusk
112454,Clown
225886,Sex Tape
169917,A Walk Among the Tombstones
222649,Rosewater
154400,The Drop
167810,Lost River
218043,Left Behind
244566,Life After Beth
216282,Into the Storm
231576,Wish I Was Here
157829,The Disappearance of Eleanor Rigby: Them
252512,While We're Young
177494,Veronica Mars
253235,And So It Goes
205587,The Judge
242095,The Signal
53182,300: Rise of an Empire
282813,The Pyramid
244264,Laggies
155084,13 Sins
241848,The Guest
157099,Better Living Through Chemistry
244403,Rudderless
284276,Cake
244539,Infinitely Polar Bear
242042,Barefoot
229297,Magic in the Moonlight
283235,99 Homes
254473,Brick Mansions
72784,The Loft
170687,The Boxtrolls
137094,Jack Ryan: Shadow Recruit
157845,The Rover
171274,Inherent Vice
87492,Foxcatcher
181533,Night at the Museum: Secret of the Tomb
264656,The Homesman
49017,Dracula Untold
241239,A Most Violent Year
157851,Maps to the Stars
56014,Maschi contro femmine
245698,Pawn Sacrifice
250538,The Good Lie
256917,The Water Diviner
204922,Before I Go to Sleep
203739,Vampire Academy
136797,Need for Speed
86834,Noah
144336,Sabotage
11970,Hercules
164251,Serena
243683,Step Up All In
192149,The Two Faces of January
82703,Mr. Peabody & Sherman
228967,The Interview
5548,RoboCop
100241,"I, Frankenstein"
137321,Winter's Tale
270946,Penguins of Madagascar
138103,The Expendables 3
188207,The Legend of Hercules
189,Sin City: A Dame to Kill For
147441,Exodus: Gods and Kings
76649,Pompeii
157353,Transcendence
68737,Seventh Son
137113,Edge of Tomorrow
140607,Star Wars: The Force Awakens
135397,Jurassic World
211672,Minions
99861,Avengers: Age of Ultron
150540,Inside Out
385687,Fast X
254470,Pitch Perfect 2
277216,Straight Outta Compton
216015,Fifty Shades of Grey
131634,The Hunger Games: Mockingjay - Part 2
286217,The Martian
11224,Cinderella
274167,Daddy's Home
159824,Hotel Transylvania 2
228165,The SpongeBob Movie: Sponge Out of Water
271718,Trainwreck
312221,Creed
323272,War Room
298312,The Visit
266294,Sisters
264999,Magic Mike XXL
257091,Get Hard
102899,Ant-Man
281957,The Revenant
238713,Spy
254128,San Andreas
177677,Mission: Impossible - Rogue Nation
228161,Home
318846,The Big Short
280092,Insidious: Chapter 3
252838,The Wedding Ringer
256961,Paul Blart: Mall Cop 2
257211,The Intern
2046,The Gift
296098,Bridge of Spies
241251,The Boy Next Door
227973,The Peanuts Movie
296099,Vacation
287903,Krampus
228203,"McFarland, USA"
167073,Brooklyn
272693,The DUFF
314365,Spotlight
268238,The Second Best Exotic Marigold Hotel
299245,The Gallows
272878,Max
243940,The Lazarus Effect
307081,Southpaw
257445,Goosebumps
232572,A Walk in the Woods
310131,The Witch
294254,Maze Runner: The Scorch Trials
262500,Insurgent
286565,Paper Towns
296100,The Night Before
283445,Sinister 2
293863,The Age of Adaline
273481,Sicario
214756,Ted 2
320588,"Hello, My Name Is Doris"
243688,Poltergeist
192141,No Escape
308639,Dope
227719,Project Almanac
273248,The Hateful Eight
261023,Black Mass
333348,Love the Coopers
275601,Ricki and the Flash
146301,Paranormal Activity: The Ghost Dimension
325348,Hardcore Henry
280996,Mr. Holmes
309304,Grandma
256591,Focus
228205,The Longest Ride
188222,Entourage
264644,Room
301351,We Are Your Friends
337154,The Meddler
258480,Carol
290751,Secret in Their Eyes
308084,Tangerine
268920,Hot Pursuit
321741,Concussion
250124,The Diary of a Teenage Girl
310133,Cop Car
308369,Me and Earl and the Dying Girl
243938,Hot Tub Time Machine 2
313922,Green Room
308638,The D Train
631842,Knock at the Cabin
274479,Joy
306819,The Danish Girl
258509,Alvin and the Chipmunks: The Road Chip
291270,Anomalisa
256924,Danny Collins
57876,Area 51
309242,Mississippi Grind
283587,Beasts of No Nation
353326,The Man Who Knew Infinity
157544,The Vatican Tapes
295964,Burnt
306745,Freeheld
282984,Irrational Man
300693,Truth
294016,Trumbo
319888,Eddie the Eagle
193687,Z for Zachariah
333385,Mr. Right
303991,Demolition
336004,Heist
257344,Pixels
314385,By the Sea
157827,Louder Than Bombs
273477,Scouts Guide to the Zombie Apocalypse
253412,Everest
253414,Rock the Kasbah
321697,Steve Jobs
249070,Hitman: Agent 47
256962,Little Boy
261392,American Ultra
238615,Self/less
293646,The 33
225728,Macbeth
318781,Colonia
248574,Barely Lethal
222936,Aloha
301875,Equals
198184,Chappie
182560,Dark Places
10317,Our Brand Is Crisis
174751,Jane Got a Gun
241554,Run All Night
201085,Crimson Peak
239573,Unfinished Business
962279,The Walk
291351,The Sea of Trees
276907,Legend
266396,The Gunman
332718,Bilal: A New Breed of Hero
203801,The Man from U.N.C.L.E.
206647,Spectre
181283,Child 44
210860,Mortdecai
228066,Victor Frankenstein
201088,Blackhat
274854,The Last Witch Hunter
166424,Fantastic Four
87101,Terminator Genisys
205775,In the Heart of the Sea
257088,Point Break
105864,The Good Dinosaur
578489,Le Petit Prince
158852,Tomorrowland
266647,Pan
76757,Jupiter Ascending
330459,Rogue One: A Star Wars Story
293660,Deadpool
328111,The Secret Life of Pets
127380,Finding Dory
335797,Sing
269149,Zootopia
9325,The Jungle Book
271110,Captain America: Civil War
297761,Suicide Squad
381284,Hidden Figures
381288,Split
313369,La La Land
277834,Moana
376659,Bad Moms
209112,Batman v Superman: Dawn of Justice
300669,Don't Breathe
223702,Sausage Party
302699,Central Intelligence
316727,The Purge: Election Year
284052,Doctor Strange
363676,Sully
259693,The Conjuring 2
345911,Lights Out
333371,10 Cloverfield Lane
259316,Fantastic Beasts and Where to Find Them
329865,Arrival
323675,Ride Along 2
339984,Miracles from Heaven
324668,Jason Bourne
302946,The Accountant
302688,My Big Fat Greek Wedding 2
334543,Lion
334541,Manchester by the Sea
332567,The Shallows
296096,Me Before You
153518,The Angry Birds Movie
323676,The Boss
326423,Barbershop: The Next Cut
393457,Fences
346685,The Girl on the Train
136799,Trolls
324786,Hacksaw Ridge
335796,Ouija: Origin of Evil
321258,The Boy
376867,Moonlight
356305,Why Him?
325133,Neighbors 2: Sorority Rising
328387,Nerve
335778,Risen
329440,The Forest
351211,Blair Witch
347126,God's Not Dead 2
338766,Hell or High Water
303858,Money Monster
316023,Mike and Dave Need Wedding Dates
294272,Pete's Dragon
291870,Dirty Grandpa
384682,Office Christmas Party
259694,How to Be Single
270487,"Hail, Caesar!"
377587,Meet the Blacks
353069,Mother's Day
618,The Birth of a Nation
257345,The Darkness
351819,Fifty Shades of Black
342521,Keanu
376660,The Edge of Seventeen
341006,The Belko Experiment
376866,Jackie
966,The Magnificent Seven
308266,War Dogs
16280,13 Hours in a Warehouse
332210,Storks
267860,London Has Fallen
347031,Swiss Army Man
382322,Batman: The Killing Joke
241258,Incarnate
284564,31
332979,Bleed for This
339419,Loving
343611,Jack Reacher: Never Go Back
342737,20th Century Women
140300,Kung Fu Panda 3
401123,Beta Test
325346,The Hollars
370755,Paterson
299687,The 5th Wave
629015,Shut In
377264,Morgan
346672,Underworld: Blood Wars
345920,Collateral Beauty
301365,The Neon Demon
316154,The Bad Batch
402298,Denial
317557,Queen of Katwe
286567,Max Steel
295699,Everybody Wants Some!!
374461,Mr. Church
146198,Triple 9
283552,The Light Between Oceans
213681,Masterminds
338964,Bad Santa 2
376290,Miss Sloane
274870,Passengers
341012,Popstar: Never Stop Never Stopping
95610,Bridget Jones's Baby
340666,Nocturnal Animals
279641,Whiskey Tango Foxtrot
339967,Colossal
313297,Kubo and the Two Strings
310307,The Founder
325789,The Infiltrator
760926,Gold
388399,Patriots Day
173897,Resident Evil: The Final Chapter
290250,The Nice Guys
245703,Midnight Special
184341,Hands of Stone
43074,Ghostbusters
302156,Criminal
58431,Pride and Prejudice and Zombies
302401,Snowden
278924,Mechanic: Resurrection
1001925,Collide
333669,Bastille Day
329833,Zoolander 2
314095,The Lost City of Z
246655,X-Men: Apocalypse
283366,Miss Peregrine's Home for Peculiar Children
291805,Now You See Me 2
331313,Keeping Up with the Joneses
270010,A Hologram for the King
188927,Star Trek Beyond
267193,Grimsby
316152,Free State of Jones
345923,All I See Is You
340837,A Cure for Wellness
293767,Billy Lynn's Long Halftime Walk
68730,Silence
258230,A Monster Calls
207932,Inferno
278154,Ice Age: Collision Course
262504,Allegiant
369885,Allied
296524,Deepwater Horizon
300673,The Finest Hours
308531,Teenage Mutant Ninja Turtles: Out of the Shadows
258489,The Legend of Tarzan
47933,Independence Day: Resurgence
290595,The Huntsman: Winter's War
121856,Assassin's Creed
665,Ben-Hur
354859,The Promise
267935,The BFG
241259,Alice Through the Looking Glass
259695,Live by Night
311324,The Great Wall
205584,Gods of Egypt
68735,Warcraft
10020,Beauty and the Beast
353486,Jumanji: Welcome to the Jungle
181808,Star Wars: The Last Jedi
346364,It
297762,Wonder Woman
283995,Guardians of the Galaxy Vol. 2
324852,Despicable Me 3
419430,Get Out
315635,Spider-Man: Homecoming
284053,Thor: Ragnarok
263115,Logan
406997,Wonder
417870,Girls Trip
324849,The Lego Batman Movie
316029,The Greatest Showman
374720,Dunkirk
396422,Annabelle: Creation
339403,Baby Driver
440472,The Upside
353616,Pitch Perfect 3
341174,Fifty Shades Darker
324552,John Wick: Chapter 2
440021,Happy Death Day
1045944,The Boss Baby: Christmas Bonus
392044,Murder on the Orient Express
390043,The Hitman's Bodyguard
399055,The Shape of Water
431530,A Bad Moms Christmas
381289,A Dog's Purpose
359940,"Three Billboards Outside Ebbing, Missouri"
391713,Lady Bird
416477,The Big Sick
345938,The Shack
378236,The Emoji Movie
268531,Captain Underpants: The First Epic Movie
419680,Daddy's Home 2
354912,Coco
446354,The Post
298250,Jigsaw
399404,Darkest Hour
545611,Everything Everywhere All at Once
395834,Wind River
425134,How to Be a Latin Lover
341013,Atomic Blonde
353070,Going in Style
389015,"I, Tonya"
400928,Gifted
427900,Home Again
292280,The Bye Bye Man
371638,The Disaster Artist
345922,Fist Fight
293768,Kidnap
418078,It Comes at Night
336000,The Glass Castle
397837,Before I Fall
402529,All Eyez on Me
432301,Chappaquiddick
394117,The Florida Project
373569,Snatched
415842,American Assassin
14564,Rings
339988,The Circle
440597,Wish Upon
397422,Rough Night
428449,A Ghost Story
337170,American Made
346648,Paddington 2
399019,The Beguiled
379149,The Foreigner
418437,Unforgettable
399170,Logan Lucky
396371,Molly's Game
353569,Table 19
392982,Marshall
1551,Flatliners
289222,The Zookeeper's Wife
429200,Good Time
419743,Disobedience
397722,Thoroughbreds
281338,War for the Planet of the Apes
343668,Kingsman: The Golden Circle
290512,The Mountain Between Us
402897,The Death of Stalin
630004,The Vault
382614,The Book of Henry
417644,CHiPS
354861,Father Figures
384680,Hostiles
324542,Sleepless
353491,The Dark Tower
413362,"Roman J. Israel, Esq."
347629,Thank You for Your Service
274862,The Lego Ninjago Movie
339846,Baywatch
381283,mother!
369192,Battle of the Sexes
400617,Phantom Thread
926899,The House
305470,Power Rangers
137116,Smurfs: The Lost Village
293167,Kong: Skull Island
407448,Detroit
395458,Suburbicon
395991,Only the Brave
260514,Cars 3
365942,The Space Between Us
257785,Tulip Fever
126889,Alien: Covenant
429189,Wonder Wheel
337339,The Fate of the Furious
418879,The Current War
446791,All the Money in the World
395993,Stronger
364689,Ferdinand
395992,Life
372343,The Snowman
433356,The Ottoman Lieutenant
47971,xXx: Return of Xander Cage
301337,Downsizing
564,The Mummy
166426,Pirates of the Caribbean: Dead Men Tell No Tales
335984,Blade Runner 2049
9323,GHOST IN THE SHELL
141052,Justice League
274855,Geostorm
335988,Transformers: The Last Knight
274857,King Arthur: Legend of the Sword
339964,Valerian and the City of a Thousand Planets
505642,Black Panther: Wakanda Forever
260513,Incredibles 2
299536,Avengers: Infinity War
351286,Jurassic World: Fallen Kingdom
383498,Deadpool 2
360920,The Grinch
332562,A Star Is Born
297802,Aquaman
447332,A Quiet Place
424694,Bohemian Rhapsody
948,Halloween
455207,Crazy Rich Asians
335983,Venom
324857,Spider-Man: Into the Spider-Verse
439079,The Nun
400155,Hotel Transylvania 3: Summer Vacation
470878,I Can Only Imagine
402900,Ocean's Eight
677179,Creed III
381719,Peter Rabbit
490132,Green Book
502682,Book Club
406563,Insidious: The Last Key
442249,The First Purge
640146,Ant-Man and the Wasp: Quantumania
504172,The Mule
454293,Night School
458423,Mamma Mia! Here We Go Again
337167,Fifty Shades Freed
353081,Mission: Impossible - Fallout
400650,Mary Poppins Returns
497814,Breaking In
345887,The Equalizer 2
437557,Blockers
454619,Overboard
460019,Truth or Dare
487558,BlacKkKlansman
493922,Hereditary
484247,A Simple Favor
445571,Game Night
455980,Tag
463821,The House with a Clock in Its Walls
404368,Ralph Breaks the Internet
489999,Searching
420814,Christopher Robin
449176,"Love, Simon"
474335,Uncle Drew
503616,Second Act
399796,Life of the Party
416234,Winchester
439015,Slender Man
474395,Teen Titans Go! To the Movies
371608,The Strangers: Prey at Night
375262,The Favourite
491418,Instant Family
50022,Super Troopers 2
460668,I Feel Pretty
345940,The Meg
400535,Sicario: Day of the Soldado
449443,Den of Thieves
424781,Sorry to Bother You
417261,Forever My Girl
442062,Goosebumps 2: Haunted Halloween
489925,Eighth Grade
458594,Peppermint
505058,Unfriended: Dark Web
434555,The Possession of Hannah Grace
500664,Upgrade
419478,Midnight Sun
470044,The Hate U Give
399035,The Commuter
453201,The 15:17 to Paris
467660,Unsane
437586,mid90s
429476,Hell Fest
473149,Traffik
339380,On the Basis of Sex
395990,Death Wish
446894,Smallfoot
465914,If Beale Street Could Talk
465136,Every Day
407451,A Wrinkle in Time
401469,Widows
401847,Can You Ever Forgive Me?
429300,Adrift
400579,Tully
336843,Maze Runner: The Death Cure
472451,Boy Erased
13161,Big Stan
438808,White Boy Rick
446101,Assassination Nation
14786,Gotti
446696,Life Itself
493551,Operation Finale
454992,The Spy Who Dumped Me
471507,Destroyer
424783,Bumblebee
406761,Hotel Artemis
396461,Under the Silver Lake
457136,Mary Queen of Scots
492452,Ben Is Back
829280,Enola Holmes 2
307663,Vice
347375,Mile 22
369972,First Man
446021,Bad Times at the El Royale
385360,Billionaire Boys Club
399360,Alpha
438799,Overlord
451915,Beautiful Boy
11906,Suspiria
427641,Rampage
412988,The Happytime Murders
463272,Johnny English Strikes Again
445651,The Darkest Minds
401981,Red Sparrow
399402,Hunter Killer
874948,Kin
300681,Replicas
446807,The Girl in the Spider's Web
351044,Welcome to Marwen
338970,Tomb Raider
346910,The Predator
333339,Ready Player One
338952,Fantastic Beasts: The Crimes of Grindelwald
387592,Early Man
447200,Skyscraper
348350,Solo: A Star Wars Story
426543,The Nutcracker and the Four Realms
11886,Robin Hood
428078,Mortal Engines
268896,Pacific Rim: Uprising
299534,Avengers: Endgame
330457,Frozen II
420818,The Lion King
475557,Joker
299537,Captain Marvel
181812,Star Wars: The Rise of Skywalker
301528,Toy Story 4
429617,Spider-Man: Far From Home
512200,Jumanji: The Next Level
812,Aladdin
458723,Us
474350,It Chapter Two
546554,Knives Out
458156,John Wick: Chapter 3 - Parabellum
450465,Glass
540901,Hustlers
535544,Downton Abbey
412117,The Secret Life of Pets 2
2907,The Addams Family
331482,Little Women
530915,1917
521777,Good Boys
504608,Rocketman
466272,Once Upon a Time… in Hollywood
522681,Escape Room
515195,Yesterday
480414,The Curse of La Llorona
521029,Annabelle Comes Home
417384,Scary Stories to Tell in the Dark
502416,Ma
287947,Shazam!
527641,Five Feet Apart
501907,A Beautiful Day in the Neighborhood
487297,What Men Want
8913,Pet Sematary
166428,How to Train Your Dragon: The Hidden World
338967,Zombieland: Double Tap
473033,Uncut Gems
423204,Angel Has Fallen
524247,The Intruder
506528,Harriet
519465,Dronningen
511987,Crawl
508763,A Dog's Way Home
567609,Ready or Not
359724,Ford v Ferrari
515001,Jojo Rabbit
10585,Child's Play
512196,Happy Death Day 2U
599975,Countdown
530385,Midsommar
449563,Isn't It Romantic
505600,Booksmart
522627,The Gentlemen
449562,The Hustle
463257,The Peanut Butter Falcon
576071,Unplanned
445629,Fighting with My Family
523172,Late Night
499701,Dora and the Lost City of Gold
531309,Brightburn
522212,Just Mercy
480105,47 Meters Down: Uncaged
549053,Last Christmas
578189,Black and Blue
532671,The Prodigy
522924,The Art of Racing in the Rain
511322,The Good Liar
280217,The Lego Movie 2: The Second Part
522518,A Dog's Journey
513045,Stuber
620725,Jexi
525661,Bombshell
489064,3 from Hell
441384,The Beach Bum
537915,After
534259,Blinded by the Light
535292,21 Bridges
522938,Rambo: Last Blood
548473,Color Out of Space
440762,Jay and Silent Bob Reboot
459992,Long Shot
405177,"Where'd You Go, Bernadette"
501170,Doctor Sleep
486131,Shaft
431580,Abominable
468224,Tolkien
16320,Serenity
504562,Motherless Brooklyn
429471,Captive State
292011,Richard Jewell
454640,The Angry Birds Movie 2
487680,The Kitchen
385687,Fast X
438650,Cold Pursuit
456740,Hellboy
479455,Men in Black: International
458897,Charlie's Angels
431693,Spies in Disguise
472674,The Goldfinch
419704,Ad Astra
454294,The Kid Who Would Be King
522162,Midway
11360,Dumbo
373571,Godzilla: King of the Monsters
536869,Cats
420809,Maleficent: Mistress of Evil
458253,Missing Link
399579,Alita: Battle Angel
453405,Gemini Man
290859,Terminator: Dark Fate
320288,Dark Phoenix
766967,2020
38700,Bad Boys for Life
454626,Sonic the Hedgehog
570670,The Invisible Man
539537,Fantasy Island
465086,The Grudge
60304,Hansel & Gretel: Witch Hunters
495764,Birds of Prey (and the Fantabulous Emancipation of One Harley Quinn)
514847,The Hunt
338762,Bloodshot
443791,Underwater
481848,The Call of the Wild
448119,Dolittle